person_accuracy,group_accuracy_personlevel,group_exact_match_rate,abs_bias_treatment_gap,method,ambiguity,seed
0.20714285714285716,0.2785714285714286,0.08571428571428572,4.809168960874359,Greedy person-level,1.5,1500000
0.32857142857142857,0.37857142857142856,0.14285714285714285,3.9062358133127404,Hungarian person-level,1.5,1500000
0.35714285714285715,0.4142857142857143,0.4142857142857143,3.3375463391041507,Set-aware group-first,1.5,1500000
0.2857142857142857,0.3,0.08571428571428572,3.0915460294826715,Greedy person-level,1.5,1500001
0.3142857142857143,0.3357142857142857,0.1,3.5036353165726197,Hungarian person-level,1.5,1500001
0.6,0.6285714285714286,0.6285714285714286,1.1895826044953637,Set-aware group-first,1.5,1500001
0.2357142857142857,0.25,0.07142857142857142,4.952597095996865,Greedy person-level,1.5,1500002
0.2642857142857143,0.3,0.08571428571428572,4.852637929195794,Hungarian person-level,1.5,1500002
0.5285714285714286,0.5571428571428572,0.5571428571428572,2.4190493813564373,Set-aware group-first,1.5,1500002
0.2642857142857143,0.3142857142857143,0.14285714285714285,3.351755892713932,Greedy person-level,1.5,1500003
0.2857142857142857,0.34285714285714286,0.12857142857142856,3.6331824487415645,Hungarian person-level,1.5,1500003
0.5428571428571428,0.6142857142857143,0.6142857142857143,2.390844566962919,Set-aware group-first,1.5,1500003
0.2642857142857143,0.29285714285714287,0.02857142857142857,4.61767203213811,Greedy person-level,1.5,1500004
0.29285714285714287,0.32857142857142857,0.1,4.206905210398396,Hungarian person-level,1.5,1500004
0.6285714285714286,0.6571428571428571,0.6571428571428571,2.15619041100431,Set-aware group-first,1.5,1500004
0.2857142857142857,0.3142857142857143,0.08571428571428572,5.1647843078573885,Greedy person-level,1.5,1500005
0.2714285714285714,0.3357142857142857,0.1,4.672685480337677,Hungarian person-level,1.5,1500005
0.38571428571428573,0.45714285714285713,0.45714285714285713,4.182122656530765,Set-aware group-first,1.5,1500005
0.2714285714285714,0.3142857142857143,0.15714285714285714,3.1996235707241,Greedy person-level,1.5,1500006
0.2857142857142857,0.32142857142857145,0.14285714285714285,4.546919062300958,Hungarian person-level,1.5,1500006
0.5,0.5714285714285714,0.5714285714285714,2.655579675812355,Set-aware group-first,1.5,1500006
0.2857142857142857,0.35714285714285715,0.08571428571428572,4.632409163679398,Greedy person-level,1.5,1500007
0.34285714285714286,0.4,0.14285714285714285,3.944811650472545,Hungarian person-level,1.5,1500007
0.5142857142857142,0.5571428571428572,0.5571428571428572,3.3200468623716404,Set-aware group-first,1.5,1500007
0.2357142857142857,0.2857142857142857,0.1,2.300539077828603,Greedy person-level,1.5,1500008
0.24285714285714285,0.29285714285714287,0.1,3.368120225877597,Hungarian person-level,1.5,1500008
0.5142857142857142,0.5428571428571428,0.5428571428571428,0.9913841700276507,Set-aware group-first,1.5,1500008
0.25,0.2785714285714286,0.08571428571428572,4.242652386192013,Greedy person-level,1.5,1500009
0.3142857142857143,0.35,0.1,3.5525498227788432,Hungarian person-level,1.5,1500009
0.5428571428571428,0.5857142857142857,0.5857142857142857,2.59030351633546,Set-aware group-first,1.5,1500009
0.2571428571428571,0.29285714285714287,0.08571428571428572,3.950048021596224,Greedy person-level,1.5,1500010
0.3,0.32857142857142857,0.07142857142857142,3.5168626146557713,Hungarian person-level,1.5,1500010
0.5571428571428572,0.5857142857142857,0.5857142857142857,2.652905282585415,Set-aware group-first,1.5,1500010
0.2357142857142857,0.2571428571428571,0.08571428571428572,4.585142324820012,Greedy person-level,1.5,1500011
0.32857142857142857,0.37142857142857144,0.17142857142857143,3.647710171208132,Hungarian person-level,1.5,1500011
0.6285714285714286,0.6857142857142857,0.6857142857142857,2.7656605546411654,Set-aware group-first,1.5,1500011
0.18571428571428572,0.22857142857142856,0.05714285714285714,3.8210284867055506,Greedy person-level,1.5,1500012
0.18571428571428572,0.2357142857142857,0.08571428571428572,4.8919270700529935,Hungarian person-level,1.5,1500012
0.4,0.45714285714285713,0.45714285714285713,2.9670604058836787,Set-aware group-first,1.5,1500012
0.2642857142857143,0.3142857142857143,0.08571428571428572,5.21038321760421,Greedy person-level,1.5,1500013
0.3357142857142857,0.35714285714285715,0.12857142857142856,4.482066291578718,Hungarian person-level,1.5,1500013
0.5285714285714286,0.5571428571428572,0.5571428571428572,2.4379346070656283,Set-aware group-first,1.5,1500013
0.2785714285714286,0.2857142857142857,0.11428571428571428,3.1099198813207565,Greedy person-level,1.5,1500014
0.3142857142857143,0.34285714285714286,0.14285714285714285,3.312201163514068,Hungarian person-level,1.5,1500014
0.6,0.6285714285714286,0.6285714285714286,2.000535098135387,Set-aware group-first,1.5,1500014
0.3,0.35714285714285715,0.12857142857142856,4.7750700575428695,Greedy person-level,1.5,1500015
0.3142857142857143,0.35714285714285715,0.18571428571428572,4.950610630831413,Hungarian person-level,1.5,1500015
0.6285714285714286,0.6428571428571429,0.6428571428571429,2.7070177361726806,Set-aware group-first,1.5,1500015
0.35,0.38571428571428573,0.12857142857142856,3.5745182501435266,Greedy person-level,1.5,1500016
0.2785714285714286,0.3357142857142857,0.07142857142857142,4.640311404249722,Hungarian person-level,1.5,1500016
0.5428571428571428,0.5857142857142857,0.5857142857142857,2.793511824750567,Set-aware group-first,1.5,1500016
0.32142857142857145,0.35,0.1,3.2761514132674208,Greedy person-level,1.5,1500017
0.37142857142857144,0.4,0.11428571428571428,3.414813369360246,Hungarian person-level,1.5,1500017
0.7,0.7571428571428571,0.7571428571428571,2.218846180972882,Set-aware group-first,1.5,1500017
0.29285714285714287,0.32142857142857145,0.11428571428571428,5.112994687776386,Greedy person-level,1.5,1500018
0.3142857142857143,0.35,0.11428571428571428,2.985310223523854,Hungarian person-level,1.5,1500018
0.5857142857142857,0.6857142857142857,0.6857142857142857,1.4656663142445865,Set-aware group-first,1.5,1500018
0.2357142857142857,0.2785714285714286,0.07142857142857142,5.250119088788942,Greedy person-level,1.5,1500019
0.32142857142857145,0.3357142857142857,0.12857142857142856,4.1935595581303815,Hungarian person-level,1.5,1500019
0.5,0.5285714285714286,0.5285714285714286,2.0600488447255643,Set-aware group-first,1.5,1500019
0.2642857142857143,0.3142857142857143,0.1,3.7594002204783337,Greedy person-level,1.5,1500020
0.32857142857142857,0.35714285714285715,0.11428571428571428,4.449655941228116,Hungarian person-level,1.5,1500020
0.5571428571428572,0.6,0.6,2.9137859769657126,Set-aware group-first,1.5,1500020
0.22142857142857142,0.2642857142857143,0.04285714285714286,4.532837991174873,Greedy person-level,1.5,1500021
0.3142857142857143,0.36428571428571427,0.18571428571428572,4.217393098086703,Hungarian person-level,1.5,1500021
0.42857142857142855,0.4714285714285714,0.4714285714285714,4.045495818520941,Set-aware group-first,1.5,1500021
0.20714285714285716,0.25,0.04285714285714286,5.1718669174782335,Greedy person-level,1.5,1500022
0.22857142857142856,0.2714285714285714,0.07142857142857142,5.297774949317393,Hungarian person-level,1.5,1500022
0.5,0.5,0.5,2.463311445259876,Set-aware group-first,1.5,1500022
0.2857142857142857,0.3142857142857143,0.11428571428571428,3.837425212871274,Greedy person-level,1.5,1500023
0.37142857142857144,0.40714285714285714,0.15714285714285714,2.5761221430019745,Hungarian person-level,1.5,1500023
0.6428571428571429,0.6428571428571429,0.6428571428571429,1.9926492427955935,Set-aware group-first,1.5,1500023
0.19285714285714287,0.22142857142857142,0.04285714285714286,5.933296215231763,Greedy person-level,1.5,1500024
0.22142857142857142,0.2357142857142857,0.04285714285714286,6.141978404141149,Hungarian person-level,1.5,1500024
0.5142857142857142,0.5571428571428572,0.5571428571428572,3.173238180296181,Set-aware group-first,1.5,1500024
0.20714285714285716,0.2571428571428571,0.07142857142857142,4.501423249623606,Greedy person-level,1.5,1500025
0.18571428571428572,0.22857142857142856,0.04285714285714286,4.961490705079406,Hungarian person-level,1.5,1500025
0.4,0.45714285714285713,0.45714285714285713,4.593233347983954,Set-aware group-first,1.5,1500025
0.2,0.24285714285714285,0.04285714285714286,4.361567466509584,Greedy person-level,1.5,1500026
0.2785714285714286,0.35,0.07142857142857142,2.7558442006691806,Hungarian person-level,1.5,1500026
0.5142857142857142,0.5428571428571428,0.5428571428571428,2.0020783700083484,Set-aware group-first,1.5,1500026
0.21428571428571427,0.25,0.04285714285714286,5.299537285886153,Greedy person-level,1.5,1500027
0.2785714285714286,0.3142857142857143,0.11428571428571428,3.3637496767284105,Hungarian person-level,1.5,1500027
0.5857142857142857,0.6142857142857143,0.6142857142857143,1.6542139856055442,Set-aware group-first,1.5,1500027
0.24285714285714285,0.2857142857142857,0.1,3.1516589536669386,Greedy person-level,1.5,1500028
0.2785714285714286,0.32142857142857145,0.12857142857142856,2.861971197933862,Hungarian person-level,1.5,1500028
0.5,0.5428571428571428,0.5428571428571428,2.556488524656835,Set-aware group-first,1.5,1500028
0.2642857142857143,0.29285714285714287,0.07142857142857142,3.5782844278956034,Greedy person-level,1.5,1500029
0.3,0.32857142857142857,0.1,3.106515229326135,Hungarian person-level,1.5,1500029
0.6571428571428571,0.6714285714285714,0.6714285714285714,1.2593584520397485,Set-aware group-first,1.5,1500029
0.30714285714285716,0.32857142857142857,0.05714285714285714,3.9689212148243698,Greedy person-level,1.5,1500030
0.35714285714285715,0.37142857142857144,0.15714285714285714,2.841897476588109,Hungarian person-level,1.5,1500030
0.6285714285714286,0.6428571428571429,0.6428571428571429,1.7098411471164,Set-aware group-first,1.5,1500030
0.21428571428571427,0.2714285714285714,0.05714285714285714,3.302705970484503,Greedy person-level,1.5,1500031
0.2714285714285714,0.30714285714285716,0.14285714285714285,4.030118358087442,Hungarian person-level,1.5,1500031
0.4857142857142857,0.5285714285714286,0.5285714285714286,2.611805950421065,Set-aware group-first,1.5,1500031
0.2571428571428571,0.2714285714285714,0.08571428571428572,3.7310171525855935,Greedy person-level,1.5,1500032
0.22857142857142856,0.2571428571428571,0.1,4.411193758871661,Hungarian person-level,1.5,1500032
0.5142857142857142,0.5285714285714286,0.5285714285714286,2.148097937080607,Set-aware group-first,1.5,1500032
0.2857142857142857,0.2857142857142857,0.11428571428571428,4.566833757743645,Greedy person-level,1.5,1500033
0.37857142857142856,0.37857142857142856,0.17142857142857143,5.371885280420344,Hungarian person-level,1.5,1500033
0.6285714285714286,0.6285714285714286,0.6285714285714286,3.1500316147047442,Set-aware group-first,1.5,1500033
0.2857142857142857,0.30714285714285716,0.12857142857142856,4.303032316659454,Greedy person-level,1.5,1500034
0.2857142857142857,0.29285714285714287,0.12857142857142856,4.430894092892423,Hungarian person-level,1.5,1500034
0.4857142857142857,0.5142857142857142,0.5142857142857142,2.349799695313564,Set-aware group-first,1.5,1500034
0.16428571428571428,0.24285714285714285,0.08571428571428572,3.9665951948405223,Greedy person-level,1.5,1500035
0.2,0.2714285714285714,0.1,3.9721563960744533,Hungarian person-level,1.5,1500035
0.3142857142857143,0.4142857142857143,0.4142857142857143,3.6743253383902115,Set-aware group-first,1.5,1500035
0.17857142857142858,0.22142857142857142,0.04285714285714286,4.161490661249864,Greedy person-level,1.5,1500036
0.2571428571428571,0.29285714285714287,0.1,3.8955316884400872,Hungarian person-level,1.5,1500036
0.5,0.5428571428571428,0.5428571428571428,3.1930520777677103,Set-aware group-first,1.5,1500036
0.22857142857142856,0.2571428571428571,0.05714285714285714,5.612887125919414,Greedy person-level,1.5,1500037
0.32857142857142857,0.34285714285714286,0.1,5.088507351069836,Hungarian person-level,1.5,1500037
0.6285714285714286,0.6428571428571429,0.6428571428571429,2.8030224936062993,Set-aware group-first,1.5,1500037
0.2857142857142857,0.34285714285714286,0.07142857142857142,5.093427809154022,Greedy person-level,1.5,1500038
0.36428571428571427,0.38571428571428573,0.11428571428571428,3.3745033215341493,Hungarian person-level,1.5,1500038
0.6571428571428571,0.6857142857142857,0.6857142857142857,2.4624473487954504,Set-aware group-first,1.5,1500038
0.22142857142857142,0.2785714285714286,0.07142857142857142,2.819386868889694,Greedy person-level,1.5,1500039
0.3357142857142857,0.36428571428571427,0.15714285714285714,2.8693924750961983,Hungarian person-level,1.5,1500039
0.6142857142857143,0.6428571428571429,0.6428571428571429,1.4668950305719264,Set-aware group-first,1.5,1500039
0.24285714285714285,0.2714285714285714,0.08571428571428572,4.328917514487912,Greedy person-level,1.5,1500040
0.3,0.32857142857142857,0.1,3.905743174665538,Hungarian person-level,1.5,1500040
0.6285714285714286,0.6857142857142857,0.6857142857142857,1.9506416883067814,Set-aware group-first,1.5,1500040
0.2857142857142857,0.3142857142857143,0.08571428571428572,3.311758384201397,Greedy person-level,1.5,1500041
0.2785714285714286,0.32857142857142857,0.11428571428571428,3.6055309867143066,Hungarian person-level,1.5,1500041
0.45714285714285713,0.5,0.5,2.875287761518507,Set-aware group-first,1.5,1500041
0.21428571428571427,0.24285714285714285,0.0,4.251785549858823,Greedy person-level,1.5,1500042
0.2357142857142857,0.2785714285714286,0.07142857142857142,3.791024969347525,Hungarian person-level,1.5,1500042
0.4714285714285714,0.5,0.5,2.7230473851248362,Set-aware group-first,1.5,1500042
0.3,0.3357142857142857,0.1,4.125741649690696,Greedy person-level,1.5,1500043
0.2785714285714286,0.3142857142857143,0.1,4.225809064363986,Hungarian person-level,1.5,1500043
0.5571428571428572,0.5857142857142857,0.5857142857142857,3.410577264135732,Set-aware group-first,1.5,1500043
0.25,0.2714285714285714,0.08571428571428572,3.3120521377213947,Greedy person-level,1.5,1500044
0.3,0.32857142857142857,0.14285714285714285,3.0921192513942586,Hungarian person-level,1.5,1500044
0.4142857142857143,0.44285714285714284,0.44285714285714284,2.6018150685081665,Set-aware group-first,1.5,1500044
0.2714285714285714,0.3,0.05714285714285714,2.5480990732707838,Greedy person-level,1.5,1500045
0.34285714285714286,0.37142857142857144,0.08571428571428572,2.1989916245829377,Hungarian person-level,1.5,1500045
0.7,0.7285714285714285,0.7285714285714285,1.270480778519186,Set-aware group-first,1.5,1500045
0.2,0.22142857142857142,0.08571428571428572,5.200625630066519,Greedy person-level,1.5,1500046
0.29285714285714287,0.3142857142857143,0.12857142857142856,5.05488624290836,Hungarian person-level,1.5,1500046
0.5857142857142857,0.5857142857142857,0.5857142857142857,2.457979959634514,Set-aware group-first,1.5,1500046
0.32142857142857145,0.35,0.11428571428571428,3.5984651282080122,Greedy person-level,1.5,1500047
0.38571428571428573,0.42142857142857143,0.21428571428571427,3.066708758405312,Hungarian person-level,1.5,1500047
0.6428571428571429,0.6857142857142857,0.6857142857142857,1.450384824321219,Set-aware group-first,1.5,1500047
0.25,0.2642857142857143,0.04285714285714286,4.935442558816874,Greedy person-level,1.5,1500048
0.30714285714285716,0.32142857142857145,0.11428571428571428,4.638949234595529,Hungarian person-level,1.5,1500048
0.5857142857142857,0.6142857142857143,0.6142857142857143,2.2935190286215175,Set-aware group-first,1.5,1500048
0.3,0.32142857142857145,0.14285714285714285,4.08290496763032,Greedy person-level,1.5,1500049
0.34285714285714286,0.35,0.18571428571428572,4.045163937235905,Hungarian person-level,1.5,1500049
0.5714285714285714,0.6285714285714286,0.6285714285714286,2.2783506885690343,Set-aware group-first,1.5,1500049
0.24285714285714285,0.2714285714285714,0.04285714285714286,5.076106615459615,Greedy person-level,1.5,1500050
0.2714285714285714,0.3142857142857143,0.11428571428571428,4.613909855173837,Hungarian person-level,1.5,1500050
0.5142857142857142,0.5285714285714286,0.5285714285714286,3.3951634470427265,Set-aware group-first,1.5,1500050
0.3,0.35,0.1,3.7903750250619126,Greedy person-level,1.5,1500051
0.32142857142857145,0.35,0.18571428571428572,4.175231970160695,Hungarian person-level,1.5,1500051
0.6142857142857143,0.6285714285714286,0.6285714285714286,2.300126142956337,Set-aware group-first,1.5,1500051
0.2,0.2357142857142857,0.04285714285714286,4.78910049144163,Greedy person-level,1.5,1500052
0.3,0.35,0.11428571428571428,4.700596066231142,Hungarian person-level,1.5,1500052
0.5285714285714286,0.5571428571428572,0.5571428571428572,1.6216201996432744,Set-aware group-first,1.5,1500052
0.32142857142857145,0.34285714285714286,0.11428571428571428,3.19564239077679,Greedy person-level,1.5,1500053
0.4357142857142857,0.4785714285714286,0.22857142857142856,2.5754693195395006,Hungarian person-level,1.5,1500053
0.5285714285714286,0.5571428571428572,0.5571428571428572,1.5704088740687538,Set-aware group-first,1.5,1500053
0.24285714285714285,0.2857142857142857,0.07142857142857142,4.477134027554136,Greedy person-level,1.5,1500054
0.2857142857142857,0.3142857142857143,0.14285714285714285,3.5934326504926446,Hungarian person-level,1.5,1500054
0.5857142857142857,0.6142857142857143,0.6142857142857143,1.5863272905524752,Set-aware group-first,1.5,1500054
0.2357142857142857,0.2785714285714286,0.05714285714285714,5.094307906530368,Greedy person-level,1.5,1500055
0.36428571428571427,0.4142857142857143,0.17142857142857143,4.6186596728906295,Hungarian person-level,1.5,1500055
0.6285714285714286,0.7142857142857143,0.7142857142857143,2.0041835016092904,Set-aware group-first,1.5,1500055
0.32857142857142857,0.34285714285714286,0.1,4.242929728826098,Greedy person-level,1.5,1500056
0.35714285714285715,0.39285714285714285,0.12857142857142856,4.491217892895818,Hungarian person-level,1.5,1500056
0.6285714285714286,0.7142857142857143,0.7142857142857143,1.9950134253155554,Set-aware group-first,1.5,1500056
0.2714285714285714,0.3142857142857143,0.11428571428571428,3.0378527406434657,Greedy person-level,1.5,1500057
0.25,0.29285714285714287,0.07142857142857142,2.6605149953182874,Hungarian person-level,1.5,1500057
0.6142857142857143,0.6571428571428571,0.6571428571428571,1.4776497892698828,Set-aware group-first,1.5,1500057
0.2357142857142857,0.2714285714285714,0.07142857142857142,5.9783952084919605,Greedy person-level,1.5,1500058
0.2571428571428571,0.30714285714285716,0.07142857142857142,6.268521125896427,Hungarian person-level,1.5,1500058
0.5285714285714286,0.5857142857142857,0.5857142857142857,2.2071544147432363,Set-aware group-first,1.5,1500058
0.2714285714285714,0.30714285714285716,0.11428571428571428,4.346545689683715,Greedy person-level,1.5,1500059
0.35714285714285715,0.40714285714285714,0.18571428571428572,3.690450860923434,Hungarian person-level,1.5,1500059
0.5428571428571428,0.5857142857142857,0.5857142857142857,2.65856193909444,Set-aware group-first,1.5,1500059
0.21428571428571427,0.25,0.07142857142857142,4.165823687462655,Greedy person-level,1.5,1500060
0.29285714285714287,0.32142857142857145,0.1,3.2767322431027353,Hungarian person-level,1.5,1500060
0.4714285714285714,0.4857142857142857,0.4857142857142857,1.9916478465438132,Set-aware group-first,1.5,1500060
0.30714285714285716,0.32857142857142857,0.08571428571428572,3.650539625202171,Greedy person-level,1.5,1500061
0.32857142857142857,0.35,0.11428571428571428,4.57274708995525,Hungarian person-level,1.5,1500061
0.5571428571428572,0.5571428571428572,0.5571428571428572,1.9261351279774317,Set-aware group-first,1.5,1500061
0.20714285714285716,0.2571428571428571,0.05714285714285714,4.2733784781817405,Greedy person-level,1.5,1500062
0.2857142857142857,0.3,0.1,3.5955821793665663,Hungarian person-level,1.5,1500062
0.5,0.5428571428571428,0.5428571428571428,2.8976190354964757,Set-aware group-first,1.5,1500062
0.2357142857142857,0.2714285714285714,0.08571428571428572,4.081234136736057,Greedy person-level,1.5,1500063
0.32142857142857145,0.35714285714285715,0.15714285714285714,3.931173235367474,Hungarian person-level,1.5,1500063
0.5,0.5571428571428572,0.5571428571428572,2.0898719722494405,Set-aware group-first,1.5,1500063
0.22142857142857142,0.2857142857142857,0.04285714285714286,3.253642140018485,Greedy person-level,1.5,1500064
0.25,0.2785714285714286,0.04285714285714286,3.007490785150914,Hungarian person-level,1.5,1500064
0.6285714285714286,0.6428571428571429,0.6428571428571429,0.9878324216396877,Set-aware group-first,1.5,1500064
0.2357142857142857,0.29285714285714287,0.1,5.08052828267941,Greedy person-level,1.5,1500065
0.3,0.34285714285714286,0.08571428571428572,4.196988722654623,Hungarian person-level,1.5,1500065
0.5,0.5285714285714286,0.5285714285714286,3.979377526863672,Set-aware group-first,1.5,1500065
0.2785714285714286,0.32142857142857145,0.07142857142857142,4.379381573260282,Greedy person-level,1.5,1500066
0.2785714285714286,0.3142857142857143,0.11428571428571428,5.556796815375222,Hungarian person-level,1.5,1500066
0.6428571428571429,0.6857142857142857,0.6857142857142857,2.9092586171931956,Set-aware group-first,1.5,1500066
0.21428571428571427,0.24285714285714285,0.07142857142857142,4.1588372681558425,Greedy person-level,1.5,1500067
0.22142857142857142,0.25,0.05714285714285714,4.039899890117802,Hungarian person-level,1.5,1500067
0.5285714285714286,0.5714285714285714,0.5714285714285714,0.8416935122827311,Set-aware group-first,1.5,1500067
0.32857142857142857,0.38571428571428573,0.12857142857142856,4.518856968616504,Greedy person-level,1.5,1500068
0.32142857142857145,0.37857142857142856,0.12857142857142856,4.637869085254202,Hungarian person-level,1.5,1500068
0.5285714285714286,0.5714285714285714,0.5714285714285714,4.530236083423638,Set-aware group-first,1.5,1500068
0.3,0.30714285714285716,0.1,5.191481575467364,Greedy person-level,1.5,1500069
0.36428571428571427,0.37857142857142856,0.14285714285714285,4.2444912878886,Hungarian person-level,1.5,1500069
0.5571428571428572,0.6142857142857143,0.6142857142857143,1.8984548891447517,Set-aware group-first,1.5,1500069
0.3,0.3142857142857143,0.08571428571428572,3.7182523793682662,Greedy person-level,1.5,1500070
0.32857142857142857,0.34285714285714286,0.11428571428571428,3.9296734828097826,Hungarian person-level,1.5,1500070
0.5857142857142857,0.6,0.6,3.1254978039500543,Set-aware group-first,1.5,1500070
0.32142857142857145,0.32857142857142857,0.17142857142857143,3.3819903391800707,Greedy person-level,1.5,1500071
0.2785714285714286,0.2857142857142857,0.11428571428571428,3.4993175447617944,Hungarian person-level,1.5,1500071
0.4857142857142857,0.5285714285714286,0.5285714285714286,1.648662184275203,Set-aware group-first,1.5,1500071
0.17142857142857143,0.21428571428571427,0.05714285714285714,4.6754267022744855,Greedy person-level,1.5,1500072
0.21428571428571427,0.2642857142857143,0.07142857142857142,4.393198001993859,Hungarian person-level,1.5,1500072
0.6,0.6571428571428571,0.6571428571428571,1.7774386422976107,Set-aware group-first,1.5,1500072
0.21428571428571427,0.2642857142857143,0.04285714285714286,3.724167361032414,Greedy person-level,1.5,1500073
0.24285714285714285,0.32857142857142857,0.08571428571428572,4.083879927479664,Hungarian person-level,1.5,1500073
0.5,0.5714285714285714,0.5714285714285714,2.3484882537557255,Set-aware group-first,1.5,1500073
0.17142857142857143,0.21428571428571427,0.02857142857142857,5.564545712924804,Greedy person-level,1.5,1500074
0.22857142857142856,0.2571428571428571,0.07142857142857142,5.572948354069524,Hungarian person-level,1.5,1500074
0.4,0.5,0.5,3.530087714972929,Set-aware group-first,1.5,1500074
0.2857142857142857,0.30714285714285716,0.11428571428571428,3.4801259345682354,Greedy person-level,1.5,1500075
0.3,0.32142857142857145,0.11428571428571428,3.4222444235161262,Hungarian person-level,1.5,1500075
0.6142857142857143,0.6285714285714286,0.6285714285714286,1.0721153027456367,Set-aware group-first,1.5,1500075
0.18571428571428572,0.24285714285714285,0.05714285714285714,5.124866699675373,Greedy person-level,1.5,1500076
0.2785714285714286,0.35,0.1,4.422165866936012,Hungarian person-level,1.5,1500076
0.45714285714285713,0.5,0.5,3.7159881487529915,Set-aware group-first,1.5,1500076
0.2357142857142857,0.2785714285714286,0.11428571428571428,4.669472984191472,Greedy person-level,1.5,1500077
0.2785714285714286,0.30714285714285716,0.1,4.4318455039963,Hungarian person-level,1.5,1500077
0.5428571428571428,0.5714285714285714,0.5714285714285714,3.820940710404642,Set-aware group-first,1.5,1500077
0.22142857142857142,0.22142857142857142,0.05714285714285714,4.872189191439475,Greedy person-level,1.5,1500078
0.29285714285714287,0.3,0.11428571428571428,3.1075746013451493,Hungarian person-level,1.5,1500078
0.5714285714285714,0.6,0.6,1.9750680147168822,Set-aware group-first,1.5,1500078
0.2571428571428571,0.2857142857142857,0.08571428571428572,5.72668302867455,Greedy person-level,1.5,1500079
0.2571428571428571,0.30714285714285716,0.11428571428571428,4.861372463386239,Hungarian person-level,1.5,1500079
0.5428571428571428,0.5857142857142857,0.5857142857142857,2.8297421346841034,Set-aware group-first,1.5,1500079
0.24285714285714285,0.2714285714285714,0.05714285714285714,3.1838110909997255,Greedy person-level,1.5,1500080
0.3357142857142857,0.37142857142857144,0.1,4.47188047416455,Hungarian person-level,1.5,1500080
0.6,0.6142857142857143,0.6142857142857143,2.4179974756948113,Set-aware group-first,1.5,1500080
0.2642857142857143,0.29285714285714287,0.11428571428571428,4.170433615080597,Greedy person-level,1.5,1500081
0.3142857142857143,0.34285714285714286,0.11428571428571428,3.347163033455317,Hungarian person-level,1.5,1500081
0.5,0.5285714285714286,0.5285714285714286,3.329592818726887,Set-aware group-first,1.5,1500081
0.2714285714285714,0.30714285714285716,0.07142857142857142,4.186246656037845,Greedy person-level,1.5,1500082
0.2642857142857143,0.3,0.1,3.589815991604759,Hungarian person-level,1.5,1500082
0.5285714285714286,0.5714285714285714,0.5714285714285714,2.8897022972745248,Set-aware group-first,1.5,1500082
0.2642857142857143,0.3,0.07142857142857142,6.474910890163201,Greedy person-level,1.5,1500083
0.2785714285714286,0.30714285714285716,0.05714285714285714,6.066905057618968,Hungarian person-level,1.5,1500083
0.5857142857142857,0.5857142857142857,0.5857142857142857,3.0979456024100784,Set-aware group-first,1.5,1500083
0.20714285714285716,0.22857142857142856,0.05714285714285714,5.4307166749411735,Greedy person-level,1.5,1500084
0.22142857142857142,0.2642857142857143,0.05714285714285714,5.585455891014803,Hungarian person-level,1.5,1500084
0.45714285714285713,0.5142857142857142,0.5142857142857142,3.055783553337868,Set-aware group-first,1.5,1500084
0.2785714285714286,0.2857142857142857,0.11428571428571428,4.303650011351536,Greedy person-level,1.5,1500085
0.36428571428571427,0.37142857142857144,0.15714285714285714,4.2341168366717525,Hungarian person-level,1.5,1500085
0.5714285714285714,0.6,0.6,3.2134535272627573,Set-aware group-first,1.5,1500085
0.24285714285714285,0.2642857142857143,0.11428571428571428,4.760778082672033,Greedy person-level,1.5,1500086
0.32142857142857145,0.34285714285714286,0.11428571428571428,4.074439401986403,Hungarian person-level,1.5,1500086
0.5714285714285714,0.6,0.6,3.3910267319367335,Set-aware group-first,1.5,1500086
0.2857142857142857,0.30714285714285716,0.12857142857142856,4.397733534377096,Greedy person-level,1.5,1500087
0.3,0.32857142857142857,0.07142857142857142,3.958090879965603,Hungarian person-level,1.5,1500087
0.6142857142857143,0.6857142857142857,0.6857142857142857,2.0439447323423394,Set-aware group-first,1.5,1500087
0.29285714285714287,0.32142857142857145,0.11428571428571428,3.933006670368485,Greedy person-level,1.5,1500088
0.34285714285714286,0.37142857142857144,0.14285714285714285,4.215089986333702,Hungarian person-level,1.5,1500088
0.5714285714285714,0.6142857142857143,0.6142857142857143,2.6390369394517705,Set-aware group-first,1.5,1500088
0.2785714285714286,0.32142857142857145,0.07142857142857142,4.376333046778662,Greedy person-level,1.5,1500089
0.34285714285714286,0.37857142857142856,0.11428571428571428,4.1833446386904,Hungarian person-level,1.5,1500089
0.5285714285714286,0.5571428571428572,0.5571428571428572,1.8791029892914537,Set-aware group-first,1.5,1500089
0.19285714285714287,0.25,0.08571428571428572,3.8707183853171685,Greedy person-level,1.5,1500090
0.22857142857142856,0.2571428571428571,0.08571428571428572,4.457593426129236,Hungarian person-level,1.5,1500090
0.5857142857142857,0.6,0.6,2.094992543955165,Set-aware group-first,1.5,1500090
0.2714285714285714,0.3,0.1,3.383770736496551,Greedy person-level,1.5,1500091
0.35714285714285715,0.4,0.17142857142857143,3.2643005397098577,Hungarian person-level,1.5,1500091
0.6142857142857143,0.6571428571428571,0.6571428571428571,2.9403969024106473,Set-aware group-first,1.5,1500091
0.22142857142857142,0.2571428571428571,0.08571428571428572,4.793567354536108,Greedy person-level,1.5,1500092
0.29285714285714287,0.32142857142857145,0.07142857142857142,4.9629674943141495,Hungarian person-level,1.5,1500092
0.6285714285714286,0.6714285714285714,0.6714285714285714,1.7095842615971861,Set-aware group-first,1.5,1500092
0.22857142857142856,0.2357142857142857,0.014285714285714285,5.158786905061895,Greedy person-level,1.5,1500093
0.24285714285714285,0.2571428571428571,0.07142857142857142,4.577594782863251,Hungarian person-level,1.5,1500093
0.5857142857142857,0.6428571428571429,0.6428571428571429,4.115630541085466,Set-aware group-first,1.5,1500093
0.2857142857142857,0.34285714285714286,0.14285714285714285,4.066737498611182,Greedy person-level,1.5,1500094
0.36428571428571427,0.42142857142857143,0.21428571428571427,2.6364994239486492,Hungarian person-level,1.5,1500094
0.5428571428571428,0.6142857142857143,0.6142857142857143,1.9793711712802988,Set-aware group-first,1.5,1500094
0.25,0.2785714285714286,0.04285714285714286,3.5454223658060897,Greedy person-level,1.5,1500095
0.3,0.35,0.08571428571428572,3.528536155656589,Hungarian person-level,1.5,1500095
0.4857142857142857,0.5,0.5,3.0601815904447847,Set-aware group-first,1.5,1500095
0.32857142857142857,0.39285714285714285,0.2,3.330818955926162,Greedy person-level,1.5,1500096
0.32857142857142857,0.39285714285714285,0.22857142857142856,4.034265177352097,Hungarian person-level,1.5,1500096
0.5285714285714286,0.6428571428571429,0.6428571428571429,1.8475745806323332,Set-aware group-first,1.5,1500096
0.25,0.3,0.1,4.306772862511757,Greedy person-level,1.5,1500097
0.2642857142857143,0.32857142857142857,0.1,4.386042935339589,Hungarian person-level,1.5,1500097
0.45714285714285713,0.4857142857142857,0.4857142857142857,2.4055630661689307,Set-aware group-first,1.5,1500097
0.2642857142857143,0.2857142857142857,0.14285714285714285,3.6825380832098062,Greedy person-level,1.5,1500098
0.29285714285714287,0.35,0.14285714285714285,3.5907123106206598,Hungarian person-level,1.5,1500098
0.5142857142857142,0.5714285714285714,0.5714285714285714,3.2916773748064188,Set-aware group-first,1.5,1500098
0.2357142857142857,0.2642857142857143,0.1,5.353776606720167,Greedy person-level,1.5,1500099
0.29285714285714287,0.32142857142857145,0.12857142857142856,4.464662421331816,Hungarian person-level,1.5,1500099
0.5,0.5428571428571428,0.5428571428571428,4.253243695991195,Set-aware group-first,1.5,1500099
0.2357142857142857,0.29285714285714287,0.15714285714285714,4.161459642694716,Greedy person-level,1.5,1500100
0.3142857142857143,0.34285714285714286,0.15714285714285714,3.91354746493505,Hungarian person-level,1.5,1500100
0.5142857142857142,0.5428571428571428,0.5428571428571428,2.121775507339983,Set-aware group-first,1.5,1500100
0.25,0.3142857142857143,0.11428571428571428,4.173548422568558,Greedy person-level,1.5,1500101
0.24285714285714285,0.3,0.11428571428571428,4.716008666531245,Hungarian person-level,1.5,1500101
0.6,0.6857142857142857,0.6857142857142857,2.951556436689401,Set-aware group-first,1.5,1500101
0.2714285714285714,0.32142857142857145,0.12857142857142856,2.5624823845071845,Greedy person-level,1.5,1500102
0.2857142857142857,0.3357142857142857,0.14285714285714285,3.3716102623066817,Hungarian person-level,1.5,1500102
0.4714285714285714,0.5285714285714286,0.5285714285714286,2.70433439449058,Set-aware group-first,1.5,1500102
0.2785714285714286,0.3,0.07142857142857142,4.477012171580682,Greedy person-level,1.5,1500103
0.32142857142857145,0.34285714285714286,0.11428571428571428,4.233564840346936,Hungarian person-level,1.5,1500103
0.5142857142857142,0.5285714285714286,0.5285714285714286,2.416389185935138,Set-aware group-first,1.5,1500103
0.2,0.2571428571428571,0.07142857142857142,4.608389219151732,Greedy person-level,1.5,1500104
0.2,0.2571428571428571,0.07142857142857142,3.772959644555982,Hungarian person-level,1.5,1500104
0.45714285714285713,0.5,0.5,3.710361467093705,Set-aware group-first,1.5,1500104
0.20714285714285716,0.2571428571428571,0.1,4.223761522275751,Greedy person-level,1.5,1500105
0.2642857142857143,0.3,0.12857142857142856,3.695649337895901,Hungarian person-level,1.5,1500105
0.4714285714285714,0.4714285714285714,0.4714285714285714,2.9144569659807047,Set-aware group-first,1.5,1500105
0.2,0.21428571428571427,0.05714285714285714,4.567253864574603,Greedy person-level,1.5,1500106
0.29285714285714287,0.3357142857142857,0.1,3.322731034215856,Hungarian person-level,1.5,1500106
0.5,0.5428571428571428,0.5428571428571428,2.57583371666108,Set-aware group-first,1.5,1500106
0.24285714285714285,0.2785714285714286,0.1,4.1429398540268,Greedy person-level,1.5,1500107
0.32857142857142857,0.37857142857142856,0.18571428571428572,4.4792098834284815,Hungarian person-level,1.5,1500107
0.5142857142857142,0.5857142857142857,0.5857142857142857,4.138632373350497,Set-aware group-first,1.5,1500107
0.22142857142857142,0.2642857142857143,0.04285714285714286,4.737950876419433,Greedy person-level,1.5,1500108
0.30714285714285716,0.3357142857142857,0.11428571428571428,4.518227171627032,Hungarian person-level,1.5,1500108
0.4142857142857143,0.42857142857142855,0.42857142857142855,4.419521399637034,Set-aware group-first,1.5,1500108
0.24285714285714285,0.29285714285714287,0.04285714285714286,4.303528070498409,Greedy person-level,1.5,1500109
0.35,0.38571428571428573,0.12857142857142856,3.8597196501398017,Hungarian person-level,1.5,1500109
0.6285714285714286,0.6571428571428571,0.6571428571428571,1.3609897411321157,Set-aware group-first,1.5,1500109
0.2785714285714286,0.3142857142857143,0.05714285714285714,3.3228036139408843,Greedy person-level,1.5,1500110
0.3,0.3357142857142857,0.08571428571428572,4.278646946135467,Hungarian person-level,1.5,1500110
0.6857142857142857,0.7285714285714285,0.7285714285714285,1.8720168372541721,Set-aware group-first,1.5,1500110
0.21428571428571427,0.2357142857142857,0.05714285714285714,4.749706445266597,Greedy person-level,1.5,1500111
0.2714285714285714,0.29285714285714287,0.05714285714285714,3.744387778903402,Hungarian person-level,1.5,1500111
0.5571428571428572,0.6,0.6,2.1435254214146653,Set-aware group-first,1.5,1500111
0.24285714285714285,0.25,0.07142857142857142,4.581121656310387,Greedy person-level,1.5,1500112
0.3142857142857143,0.3357142857142857,0.12857142857142856,3.3918990489052163,Hungarian person-level,1.5,1500112
0.5428571428571428,0.5857142857142857,0.5857142857142857,2.159145271633342,Set-aware group-first,1.5,1500112
0.30714285714285716,0.35,0.14285714285714285,4.271230649967784,Greedy person-level,1.5,1500113
0.30714285714285716,0.35714285714285715,0.15714285714285714,4.002087980655617,Hungarian person-level,1.5,1500113
0.5428571428571428,0.6,0.6,3.474984589630999,Set-aware group-first,1.5,1500113
0.20714285714285716,0.2357142857142857,0.04285714285714286,4.558051440557875,Greedy person-level,1.5,1500114
0.2714285714285714,0.30714285714285716,0.08571428571428572,4.0502045537200715,Hungarian person-level,1.5,1500114
0.45714285714285713,0.45714285714285713,0.45714285714285713,2.852919756401164,Set-aware group-first,1.5,1500114
0.24285714285714285,0.30714285714285716,0.1,4.20217764363403,Greedy person-level,1.5,1500115
0.3357142857142857,0.36428571428571427,0.12857142857142856,3.9385923989170664,Hungarian person-level,1.5,1500115
0.5285714285714286,0.5428571428571428,0.5428571428571428,2.1694002934599297,Set-aware group-first,1.5,1500115
0.3,0.3142857142857143,0.11428571428571428,5.1732571086123045,Greedy person-level,1.5,1500116
0.32857142857142857,0.34285714285714286,0.1,4.474088008516283,Hungarian person-level,1.5,1500116
0.5714285714285714,0.6,0.6,2.407894053080767,Set-aware group-first,1.5,1500116
0.22142857142857142,0.24285714285714285,0.05714285714285714,4.384582856820671,Greedy person-level,1.5,1500117
0.2571428571428571,0.2785714285714286,0.1,3.886420996116655,Hungarian person-level,1.5,1500117
0.5142857142857142,0.5285714285714286,0.5285714285714286,2.348035060546266,Set-aware group-first,1.5,1500117
0.2,0.2571428571428571,0.08571428571428572,4.933228138981434,Greedy person-level,1.5,1500118
0.19285714285714287,0.22857142857142856,0.07142857142857142,3.8678339549450627,Hungarian person-level,1.5,1500118
0.37142857142857144,0.4,0.4,4.2629605960226655,Set-aware group-first,1.5,1500118
0.2714285714285714,0.2857142857142857,0.14285714285714285,3.0945226098751633,Greedy person-level,1.5,1500119
0.2857142857142857,0.3,0.15714285714285714,3.2381989952722208,Hungarian person-level,1.5,1500119
0.5142857142857142,0.5714285714285714,0.5714285714285714,1.49411575970489,Set-aware group-first,1.5,1500119
0.2642857142857143,0.2785714285714286,0.07142857142857142,5.486022940102586,Greedy person-level,1.5,1500120
0.34285714285714286,0.35,0.11428571428571428,4.430795356818933,Hungarian person-level,1.5,1500120
0.5714285714285714,0.6,0.6,2.138030211281354,Set-aware group-first,1.5,1500120
0.24285714285714285,0.3,0.12857142857142856,4.874651875624153,Greedy person-level,1.5,1500121
0.29285714285714287,0.36428571428571427,0.21428571428571427,4.483295919939877,Hungarian person-level,1.5,1500121
0.5714285714285714,0.6,0.6,2.453300548399035,Set-aware group-first,1.5,1500121
0.2714285714285714,0.30714285714285716,0.1,3.3979147541169183,Greedy person-level,1.5,1500122
0.35,0.36428571428571427,0.14285714285714285,3.4679021847496188,Hungarian person-level,1.5,1500122
0.5142857142857142,0.5571428571428572,0.5571428571428572,1.622486618431907,Set-aware group-first,1.5,1500122
0.2,0.22142857142857142,0.04285714285714286,2.5197844056917234,Greedy person-level,1.5,1500123
0.2571428571428571,0.2857142857142857,0.1,3.3093547232528167,Hungarian person-level,1.5,1500123
0.5571428571428572,0.5857142857142857,0.5857142857142857,2.190301474979499,Set-aware group-first,1.5,1500123
0.32857142857142857,0.39285714285714285,0.15714285714285714,3.948412736169182,Greedy person-level,1.5,1500124
0.39285714285714285,0.45,0.2,2.807035613066212,Hungarian person-level,1.5,1500124
0.6142857142857143,0.6857142857142857,0.6857142857142857,0.6413053152004835,Set-aware group-first,1.5,1500124
0.2357142857142857,0.2571428571428571,0.02857142857142857,4.6877044732775275,Greedy person-level,1.5,1500125
0.24285714285714285,0.2642857142857143,0.05714285714285714,4.853191594446535,Hungarian person-level,1.5,1500125
0.6857142857142857,0.7142857142857143,0.7142857142857143,1.7779268009023212,Set-aware group-first,1.5,1500125
0.25,0.29285714285714287,0.1,3.6307951639277505,Greedy person-level,1.5,1500126
0.32857142857142857,0.37142857142857144,0.11428571428571428,2.9263450979805867,Hungarian person-level,1.5,1500126
0.44285714285714284,0.5,0.5,3.24421845062826,Set-aware group-first,1.5,1500126
0.2714285714285714,0.3357142857142857,0.1,5.43569024880459,Greedy person-level,1.5,1500127
0.36428571428571427,0.40714285714285714,0.15714285714285714,3.6795256527566096,Hungarian person-level,1.5,1500127
0.5857142857142857,0.6285714285714286,0.6285714285714286,2.676042663872522,Set-aware group-first,1.5,1500127
0.2642857142857143,0.3142857142857143,0.14285714285714285,5.184029040929133,Greedy person-level,1.5,1500128
0.29285714285714287,0.32857142857142857,0.21428571428571427,5.38217191803426,Hungarian person-level,1.5,1500128
0.6285714285714286,0.6714285714285714,0.6714285714285714,2.157744828986395,Set-aware group-first,1.5,1500128
0.24285714285714285,0.2714285714285714,0.05714285714285714,4.152458599735077,Greedy person-level,1.5,1500129
0.2785714285714286,0.3142857142857143,0.1,4.726729977752846,Hungarian person-level,1.5,1500129
0.5428571428571428,0.5714285714285714,0.5714285714285714,2.5219229636180316,Set-aware group-first,1.5,1500129
0.22857142857142856,0.2571428571428571,0.07142857142857142,4.352804950883382,Greedy person-level,1.5,1500130
0.24285714285714285,0.2785714285714286,0.02857142857142857,4.90750738675591,Hungarian person-level,1.5,1500130
0.4,0.44285714285714284,0.44285714285714284,3.6470403456081613,Set-aware group-first,1.5,1500130
0.22857142857142856,0.2571428571428571,0.04285714285714286,5.02374255832386,Greedy person-level,1.5,1500131
0.20714285714285716,0.2357142857142857,0.07142857142857142,4.852312349443331,Hungarian person-level,1.5,1500131
0.45714285714285713,0.5,0.5,2.3611860228413164,Set-aware group-first,1.5,1500131
0.2642857142857143,0.30714285714285716,0.11428571428571428,5.410594954229538,Greedy person-level,1.5,1500132
0.2714285714285714,0.2857142857142857,0.11428571428571428,4.5327207492481065,Hungarian person-level,1.5,1500132
0.5571428571428572,0.5857142857142857,0.5857142857142857,3.1195954128131405,Set-aware group-first,1.5,1500132
0.3,0.3357142857142857,0.12857142857142856,3.487365991954931,Greedy person-level,1.5,1500133
0.29285714285714287,0.32857142857142857,0.11428571428571428,3.278031279767589,Hungarian person-level,1.5,1500133
0.6,0.6285714285714286,0.6285714285714286,2.5298586288226375,Set-aware group-first,1.5,1500133
0.2857142857142857,0.30714285714285716,0.1,3.9661101930769576,Greedy person-level,1.5,1500134
0.30714285714285716,0.3357142857142857,0.1,4.108554811484225,Hungarian person-level,1.5,1500134
0.4714285714285714,0.5,0.5,2.318944679860664,Set-aware group-first,1.5,1500134
0.2714285714285714,0.30714285714285716,0.12857142857142856,3.3712051440087336,Greedy person-level,1.5,1500135
0.3,0.34285714285714286,0.15714285714285714,2.947250971935979,Hungarian person-level,1.5,1500135
0.4857142857142857,0.5142857142857142,0.5142857142857142,2.6921569937718743,Set-aware group-first,1.5,1500135
0.2357142857142857,0.2785714285714286,0.07142857142857142,3.9656208030507756,Greedy person-level,1.5,1500136
0.32857142857142857,0.38571428571428573,0.14285714285714285,4.15292673068015,Hungarian person-level,1.5,1500136
0.6285714285714286,0.6571428571428571,0.6571428571428571,2.680625578075741,Set-aware group-first,1.5,1500136
0.25,0.2785714285714286,0.05714285714285714,4.395403040731225,Greedy person-level,1.5,1500137
0.2642857142857143,0.29285714285714287,0.08571428571428572,4.047103795558641,Hungarian person-level,1.5,1500137
0.7,0.7428571428571429,0.7428571428571429,2.040107808466786,Set-aware group-first,1.5,1500137
0.18571428571428572,0.20714285714285716,0.014285714285714285,5.495528705672932,Greedy person-level,1.5,1500138
0.29285714285714287,0.3,0.07142857142857142,5.307370183337376,Hungarian person-level,1.5,1500138
0.4142857142857143,0.42857142857142855,0.42857142857142855,3.2568574821532223,Set-aware group-first,1.5,1500138
0.24285714285714285,0.2571428571428571,0.08571428571428572,5.415222645284999,Greedy person-level,1.5,1500139
0.37857142857142856,0.38571428571428573,0.15714285714285714,4.2213061751853544,Hungarian person-level,1.5,1500139
0.5285714285714286,0.5428571428571428,0.5428571428571428,3.3412749860913493,Set-aware group-first,1.5,1500139
0.17857142857142858,0.22142857142857142,0.05714285714285714,4.133434976015778,Greedy person-level,1.5,1500140
0.2357142857142857,0.2571428571428571,0.07142857142857142,4.536829086725142,Hungarian person-level,1.5,1500140
0.5142857142857142,0.5571428571428572,0.5571428571428572,3.780065926184072,Set-aware group-first,1.5,1500140
0.25,0.2642857142857143,0.11428571428571428,4.419867987835026,Greedy person-level,1.5,1500141
0.22857142857142856,0.2714285714285714,0.08571428571428572,4.603835201165445,Hungarian person-level,1.5,1500141
0.5857142857142857,0.6142857142857143,0.6142857142857143,0.9585991096746085,Set-aware group-first,1.5,1500141
0.34285714285714286,0.35714285714285715,0.2,4.467768500850546,Greedy person-level,1.5,1500142
0.35714285714285715,0.37857142857142856,0.17142857142857143,5.051779921661684,Hungarian person-level,1.5,1500142
0.6142857142857143,0.6285714285714286,0.6285714285714286,3.1436488972974743,Set-aware group-first,1.5,1500142
0.2785714285714286,0.3142857142857143,0.08571428571428572,4.697416027454928,Greedy person-level,1.5,1500143
0.29285714285714287,0.32857142857142857,0.12857142857142856,4.087659770435984,Hungarian person-level,1.5,1500143
0.44285714285714284,0.4714285714285714,0.4714285714285714,4.072020049523886,Set-aware group-first,1.5,1500143
0.18571428571428572,0.22857142857142856,0.08571428571428572,4.839115138290097,Greedy person-level,1.5,1500144
0.22142857142857142,0.2714285714285714,0.11428571428571428,4.307989577805635,Hungarian person-level,1.5,1500144
0.5428571428571428,0.5714285714285714,0.5714285714285714,2.8519446901836645,Set-aware group-first,1.5,1500144
0.20714285714285716,0.2357142857142857,0.04285714285714286,4.636892369973538,Greedy person-level,1.5,1500145
0.2357142857142857,0.2642857142857143,0.07142857142857142,4.766628766321908,Hungarian person-level,1.5,1500145
0.44285714285714284,0.4714285714285714,0.4714285714285714,4.816820554611596,Set-aware group-first,1.5,1500145
0.2642857142857143,0.3,0.05714285714285714,3.1537401029405103,Greedy person-level,1.5,1500146
0.29285714285714287,0.3357142857142857,0.08571428571428572,3.39965788089701,Hungarian person-level,1.5,1500146
0.4142857142857143,0.42857142857142855,0.42857142857142855,2.238451860929473,Set-aware group-first,1.5,1500146
0.19285714285714287,0.22142857142857142,0.08571428571428572,5.165787251043199,Greedy person-level,1.5,1500147
0.21428571428571427,0.25,0.08571428571428572,4.330025692439676,Hungarian person-level,1.5,1500147
0.5285714285714286,0.5714285714285714,0.5714285714285714,2.901474352245039,Set-aware group-first,1.5,1500147
0.2714285714285714,0.3357142857142857,0.07142857142857142,3.058100033007932,Greedy person-level,1.5,1500148
0.36428571428571427,0.4,0.15714285714285714,3.322217164357774,Hungarian person-level,1.5,1500148
0.4857142857142857,0.5142857142857142,0.5142857142857142,3.1896447996154222,Set-aware group-first,1.5,1500148
0.2642857142857143,0.30714285714285716,0.1,4.034111677366511,Greedy person-level,1.5,1500149
0.35714285714285715,0.39285714285714285,0.12857142857142856,4.333984520077799,Hungarian person-level,1.5,1500149
0.4857142857142857,0.5142857142857142,0.5142857142857142,3.1877474731837907,Set-aware group-first,1.5,1500149
